<?xml version="1.0" encoding="utf-8"?>
<extension type="component" version="3.0" method="upgrade">
    <name>com_blog</name>
    <creationDate>2015-05-11</creationDate>
    <copyright>Copyright (C) 2015. All rights reserved.</copyright>
    <license>GNU General Public License version 2 or later; see LICENSE.txt</license>
    <author>SD3 - JAV</author>
    <authorEmail>sd3@qsoftvietnam.com</authorEmail>
    <authorUrl>http://www.qsoftvietnam.com</authorUrl>
    <version>1.0.0</version>
    <description></description>
    
    
    
    <install> <!-- Runs on install -->
        <sql>
            <file driver="mysql" charset="utf8">sql/install.mysql.utf8.sql</file>
        </sql>
    </install>
    <uninstall> <!-- Runs on uninstall -->
        <sql>
            <file driver="mysql" charset="utf8">sql/uninstall.mysql.utf8.sql</file>
        </sql>
    </uninstall>

    <files folder="site">
        <filename>index.html</filename>
        <filename>blog.php</filename>
        <filename>controller.php</filename>
        <filename>router.php</filename>
        <folder>views</folder>
        <folder>models</folder>
        <folder>controllers</folder>
        <folder>helpers</folder>
        <folder>assets</folder>
    </files>
    <languages folder="languages/site">
        
			<language tag="en-GB">en-GB/en-GB.com_blog.ini</language>
			<language tag="fr-FR">fr-FR/fr-FR.com_blog.ini</language>
			<language tag="de-DE">de-DE/de-DE.com_blog.ini</language>
			<language tag="it-IT">it-IT/it-IT.com_blog.ini</language>
    </languages>
    <administration>
        <menu img="components/com_blog/assets/images/s_com_blog.png" >COM_BLOG</menu>
        <submenu>
            
			<menu link="option=com_blog&amp;view=blogs" view="blogs" img="components/com_blog/assets/images/s_blogs.png" alt="Blog/Blogs">COM_BLOG_TITLE_BLOGS</menu>

			<menu link="option=com_categories&amp;extension=com_blog" view="categories" img="components/com_blog/assets/images/s_blogs.png" alt="Blog/Categories">COM_BLOG_BLOGS_CATEGORIES</menu>

        </submenu>
        <files folder="administrator">
            <filename>access.xml</filename>
            <filename>config.xml</filename>
            <filename>controller.php</filename>
            <filename>index.html</filename>
            <filename>blog.php</filename>
            <folder>controllers</folder>
            <folder>assets</folder>
            <folder>helpers</folder>
            <folder>models</folder>
            <folder>sql</folder>
            <folder>tables</folder>
            <folder>views</folder>
        </files>
        <languages folder="languages/administrator">
            
			<language tag="en-GB">en-GB/en-GB.com_blog.ini</language>
			<language tag="en-GB">en-GB/en-GB.com_blog.sys.ini</language>
			<language tag="fr-FR">fr-FR/fr-FR.com_blog.ini</language>
			<language tag="fr-FR">fr-FR/fr-FR.com_blog.sys.ini</language>
			<language tag="de-DE">de-DE/de-DE.com_blog.ini</language>
			<language tag="de-DE">de-DE/de-DE.com_blog.sys.ini</language>
			<language tag="it-IT">it-IT/it-IT.com_blog.ini</language>
			<language tag="it-IT">it-IT/it-IT.com_blog.sys.ini</language>
        </languages>
    </administration>
    <plugins>
        <plugin group="search" plugin="blog"/>
    </plugins>
    
</extension>